89e72a749d764c1aacd9284e01c412a4,0,4,Q8050867
89e72a749d764c1aacd9284e01c412a4,1,4,Q16726275
89e72a749d764c1aacd9284e01c412a4,2,4,Q16726273
89e72a749d764c1aacd9284e01c412a4,3,4,Q16726274
89e72a749d764c1aacd9284e01c412a4,4,4,Q19249552
89e72a749d764c1aacd9284e01c412a4,5,4,Q16726273
89e72a749d764c1aacd9284e01c412a4,6,4,Q16726275
89e72a749d764c1aacd9284e01c412a4,7,4,Q16726274
89e72a749d764c1aacd9284e01c412a4,8,4,Q19249552
89e72a749d764c1aacd9284e01c412a4,9,4,Q16726273
89e72a749d764c1aacd9284e01c412a4,10,4,Q16726275
89e72a749d764c1aacd9284e01c412a4,11,4,Q16726275
89e72a749d764c1aacd9284e01c412a4,12,4,Q16726274
89e72a749d764c1aacd9284e01c412a4,13,4,Q19249552
89e72a749d764c1aacd9284e01c412a4,14,4,Q16726273
89e72a749d764c1aacd9284e01c412a4,15,4,Q16726275
89e72a749d764c1aacd9284e01c412a4,16,4,Q16726274
89e72a749d764c1aacd9284e01c412a4,17,4,Q16726273
89e72a749d764c1aacd9284e01c412a4,18,4,Q16726274
89e72a749d764c1aacd9284e01c412a4,19,4,Q16726275
89e72a749d764c1aacd9284e01c412a4,20,4,Q16726275
89e72a749d764c1aacd9284e01c412a4,21,4,Q16726274
89e72a749d764c1aacd9284e01c412a4,22,4,Q19249552
89e72a749d764c1aacd9284e01c412a4,23,4,Q16726273
89e72a749d764c1aacd9284e01c412a4,24,4,Q16726275
89e72a749d764c1aacd9284e01c412a4,25,4,Q16726274
89e72a749d764c1aacd9284e01c412a4,26,4,Q19249552
89e72a749d764c1aacd9284e01c412a4,27,4,Q16726273
89e72a749d764c1aacd9284e01c412a4,28,4,Q16726274
89e72a749d764c1aacd9284e01c412a4,29,4,Q16726275
89e72a749d764c1aacd9284e01c412a4,30,4,Q19249552
89e72a749d764c1aacd9284e01c412a4,31,4,Q16726273
89e72a749d764c1aacd9284e01c412a4,32,4,Q19249552
89e72a749d764c1aacd9284e01c412a4,33,4,Q16726274
89e72a749d764c1aacd9284e01c412a4,34,4,Q16726273
89e72a749d764c1aacd9284e01c412a4,35,4,Q16726273
89e72a749d764c1aacd9284e01c412a4,36,4,Q16726274
89e72a749d764c1aacd9284e01c412a4,37,4,Q16726275
89e72a749d764c1aacd9284e01c412a4,38,4,Q16726273
89e72a749d764c1aacd9284e01c412a4,39,4,Q16726275
89e72a749d764c1aacd9284e01c412a4,40,4,Q19249552
89e72a749d764c1aacd9284e01c412a4,41,4,Q16726274
89e72a749d764c1aacd9284e01c412a4,42,4,Q19249552
89e72a749d764c1aacd9284e01c412a4,43,4,Q16726273
89e72a749d764c1aacd9284e01c412a4,44,4,Q16726275
89e72a749d764c1aacd9284e01c412a4,45,4,Q16726274
89e72a749d764c1aacd9284e01c412a4,46,4,Q16726275
89e72a749d764c1aacd9284e01c412a4,47,4,Q16726274
89e72a749d764c1aacd9284e01c412a4,48,4,Q19249552
89e72a749d764c1aacd9284e01c412a4,49,4,Q19249552
89e72a749d764c1aacd9284e01c412a4,50,4,Q16726274
89e72a749d764c1aacd9284e01c412a4,51,4,Q19249552
89e72a749d764c1aacd9284e01c412a4,52,4,Q16726275
89e72a749d764c1aacd9284e01c412a4,53,4,Q16726273
89e72a749d764c1aacd9284e01c412a4,54,4,Q16726273
89e72a749d764c1aacd9284e01c412a4,55,4,Q16726274
89e72a749d764c1aacd9284e01c412a4,56,4,Q19249552
89e72a749d764c1aacd9284e01c412a4,57,4,Q16726275
89e72a749d764c1aacd9284e01c412a4,58,4,Q16726273
89e72a749d764c1aacd9284e01c412a4,59,4,Q16726274
89e72a749d764c1aacd9284e01c412a4,60,4,Q16726275
89e72a749d764c1aacd9284e01c412a4,61,4,Q16726275
89e72a749d764c1aacd9284e01c412a4,62,4,Q16726274
89e72a749d764c1aacd9284e01c412a4,63,4,Q16726274
89e72a749d764c1aacd9284e01c412a4,64,4,Q16726273
89e72a749d764c1aacd9284e01c412a4,65,4,Q19249552
89e72a749d764c1aacd9284e01c412a4,66,4,Q16726275
89e72a749d764c1aacd9284e01c412a4,67,4,Q16726274
89e72a749d764c1aacd9284e01c412a4,68,4,Q16726273
89e72a749d764c1aacd9284e01c412a4,69,4,Q19249552
89e72a749d764c1aacd9284e01c412a4,70,4,Q16726275
89e72a749d764c1aacd9284e01c412a4,71,4,Q19249552
89e72a749d764c1aacd9284e01c412a4,72,4,Q16726275
89e72a749d764c1aacd9284e01c412a4,73,4,Q16726273
89e72a749d764c1aacd9284e01c412a4,74,4,Q16726274
89e72a749d764c1aacd9284e01c412a4,75,4,Q16726274
89e72a749d764c1aacd9284e01c412a4,76,4,Q19249552
89e72a749d764c1aacd9284e01c412a4,77,4,Q16726275
89e72a749d764c1aacd9284e01c412a4,78,4,Q16726273
89e72a749d764c1aacd9284e01c412a4,79,4,Q16726273
89e72a749d764c1aacd9284e01c412a4,80,4,Q16726274
89e72a749d764c1aacd9284e01c412a4,81,4,Q16726275
89e72a749d764c1aacd9284e01c412a4,82,4,Q19249552
89e72a749d764c1aacd9284e01c412a4,83,4,Q16726274
89e72a749d764c1aacd9284e01c412a4,84,4,Q16726275
89e72a749d764c1aacd9284e01c412a4,85,4,Q19249552
89e72a749d764c1aacd9284e01c412a4,86,4,Q16726273
89e72a749d764c1aacd9284e01c412a4,87,4,Q16726274
89e72a749d764c1aacd9284e01c412a4,88,4,Q16726273
89e72a749d764c1aacd9284e01c412a4,89,4,Q19249552
89e72a749d764c1aacd9284e01c412a4,90,4,Q16726275
89e72a749d764c1aacd9284e01c412a4,91,4,Q16726274
89e72a749d764c1aacd9284e01c412a4,92,4,Q16726274
89e72a749d764c1aacd9284e01c412a4,93,4,Q19249552
89e72a749d764c1aacd9284e01c412a4,94,4,Q16726275
89e72a749d764c1aacd9284e01c412a4,95,4,Q16726273
89e72a749d764c1aacd9284e01c412a4,96,4,Q19249552
89e72a749d764c1aacd9284e01c412a4,97,4,Q16726273
89e72a749d764c1aacd9284e01c412a4,98,4,Q16726274
89e72a749d764c1aacd9284e01c412a4,99,4,Q16726275
89e72a749d764c1aacd9284e01c412a4,100,4,Q16726274
89e72a749d764c1aacd9284e01c412a4,101,4,Q16726275
89e72a749d764c1aacd9284e01c412a4,102,4,Q16726273
89e72a749d764c1aacd9284e01c412a4,103,4,Q19249552
89e72a749d764c1aacd9284e01c412a4,104,4,Q16726274
89e72a749d764c1aacd9284e01c412a4,105,4,Q16726275
89e72a749d764c1aacd9284e01c412a4,106,4,Q16726273
89e72a749d764c1aacd9284e01c412a4,107,4,Q19249552
89e72a749d764c1aacd9284e01c412a4,108,4,Q16726274
89e72a749d764c1aacd9284e01c412a4,109,4,Q19249552
89e72a749d764c1aacd9284e01c412a4,110,4,Q16726275
89e72a749d764c1aacd9284e01c412a4,111,4,Q16726273
89e72a749d764c1aacd9284e01c412a4,112,4,Q16726274
89e72a749d764c1aacd9284e01c412a4,113,4,Q16726273
89e72a749d764c1aacd9284e01c412a4,114,4,Q19249552
89e72a749d764c1aacd9284e01c412a4,115,4,Q16726275
89e72a749d764c1aacd9284e01c412a4,116,4,Q16726274
89e72a749d764c1aacd9284e01c412a4,117,4,Q16726275
89e72a749d764c1aacd9284e01c412a4,118,4,Q16726273
89e72a749d764c1aacd9284e01c412a4,119,4,Q19249552
89e72a749d764c1aacd9284e01c412a4,120,4,Q16726274
89e72a749d764c1aacd9284e01c412a4,121,4,Q16726275
89e72a749d764c1aacd9284e01c412a4,122,4,Q16726273
89e72a749d764c1aacd9284e01c412a4,123,4,Q19249552
89e72a749d764c1aacd9284e01c412a4,124,4,Q16726274
89e72a749d764c1aacd9284e01c412a4,125,4,Q19249552
89e72a749d764c1aacd9284e01c412a4,126,4,Q16726275
89e72a749d764c1aacd9284e01c412a4,127,4,Q16726273
89e72a749d764c1aacd9284e01c412a4,128,4,Q16726274
89e72a749d764c1aacd9284e01c412a4,129,4,Q16726275
89e72a749d764c1aacd9284e01c412a4,130,4,Q16726273
89e72a749d764c1aacd9284e01c412a4,131,4,Q19249552
89e72a749d764c1aacd9284e01c412a4,132,4,Q16726274
89e72a749d764c1aacd9284e01c412a4,133,4,Q16726275
89e72a749d764c1aacd9284e01c412a4,134,4,Q19249552
89e72a749d764c1aacd9284e01c412a4,135,4,Q16726273
89e72a749d764c1aacd9284e01c412a4,136,4,Q16726274
89e72a749d764c1aacd9284e01c412a4,137,4,Q19249552
89e72a749d764c1aacd9284e01c412a4,138,4,Q16726273
89e72a749d764c1aacd9284e01c412a4,139,4,Q16726275
89e72a749d764c1aacd9284e01c412a4,140,4,Q16726274
89e72a749d764c1aacd9284e01c412a4,141,4,Q16726273
89e72a749d764c1aacd9284e01c412a4,142,4,Q19249552
89e72a749d764c1aacd9284e01c412a4,143,4,Q16726275
89e72a749d764c1aacd9284e01c412a4,144,4,Q16726275
89e72a749d764c1aacd9284e01c412a4,0,5,['Q105376588']
89e72a749d764c1aacd9284e01c412a4,1,5,Q15245560
89e72a749d764c1aacd9284e01c412a4,2,5,Q15245560
89e72a749d764c1aacd9284e01c412a4,3,5,Q15245560
89e72a749d764c1aacd9284e01c412a4,4,5,Q15245560
89e72a749d764c1aacd9284e01c412a4,5,5,Q61749450
89e72a749d764c1aacd9284e01c412a4,6,5,Q61749450
89e72a749d764c1aacd9284e01c412a4,7,5,Q61749450
89e72a749d764c1aacd9284e01c412a4,8,5,Q61749450
89e72a749d764c1aacd9284e01c412a4,9,5,Q61749450
89e72a749d764c1aacd9284e01c412a4,10,5,Q61749450
89e72a749d764c1aacd9284e01c412a4,11,5,Q1335430
89e72a749d764c1aacd9284e01c412a4,12,5,Q1335430
89e72a749d764c1aacd9284e01c412a4,13,5,Q1335430
89e72a749d764c1aacd9284e01c412a4,14,5,Q1335430
89e72a749d764c1aacd9284e01c412a4,15,5,Q1335430
89e72a749d764c1aacd9284e01c412a4,16,5,Q1335430
89e72a749d764c1aacd9284e01c412a4,17,5,Q15245560
89e72a749d764c1aacd9284e01c412a4,18,5,Q15245560
89e72a749d764c1aacd9284e01c412a4,19,5,Q15245560
89e72a749d764c1aacd9284e01c412a4,20,5,Q3739542
89e72a749d764c1aacd9284e01c412a4,21,5,Q3739542
89e72a749d764c1aacd9284e01c412a4,22,5,Q3739542
89e72a749d764c1aacd9284e01c412a4,23,5,Q3739542
89e72a749d764c1aacd9284e01c412a4,24,5,Q3739542
89e72a749d764c1aacd9284e01c412a4,25,5,Q3739542
89e72a749d764c1aacd9284e01c412a4,26,5,Q3739542
89e72a749d764c1aacd9284e01c412a4,27,5,Q5405705
89e72a749d764c1aacd9284e01c412a4,28,5,Q5405705
89e72a749d764c1aacd9284e01c412a4,29,5,Q5405705
89e72a749d764c1aacd9284e01c412a4,30,5,Q5405705
89e72a749d764c1aacd9284e01c412a4,31,5,Q1335430
89e72a749d764c1aacd9284e01c412a4,32,5,Q1335430
89e72a749d764c1aacd9284e01c412a4,33,5,Q1335430
89e72a749d764c1aacd9284e01c412a4,34,5,Q15245560
89e72a749d764c1aacd9284e01c412a4,35,5,Q15245560
89e72a749d764c1aacd9284e01c412a4,36,5,Q15245560
89e72a749d764c1aacd9284e01c412a4,37,5,Q15245560
89e72a749d764c1aacd9284e01c412a4,38,5,Q61749450
89e72a749d764c1aacd9284e01c412a4,39,5,Q61749450
89e72a749d764c1aacd9284e01c412a4,40,5,Q61749450
89e72a749d764c1aacd9284e01c412a4,41,5,Q61749450
89e72a749d764c1aacd9284e01c412a4,42,5,Q61749450
89e72a749d764c1aacd9284e01c412a4,43,5,Q61749450
89e72a749d764c1aacd9284e01c412a4,44,5,Q61749450
89e72a749d764c1aacd9284e01c412a4,45,5,Q61749450
89e72a749d764c1aacd9284e01c412a4,46,5,Q42754137
89e72a749d764c1aacd9284e01c412a4,47,5,Q42754137
89e72a749d764c1aacd9284e01c412a4,48,5,Q42754137
89e72a749d764c1aacd9284e01c412a4,49,5,Q28146785
89e72a749d764c1aacd9284e01c412a4,50,5,Q28146785
89e72a749d764c1aacd9284e01c412a4,51,5,Q28146785
89e72a749d764c1aacd9284e01c412a4,52,5,Q28146785
89e72a749d764c1aacd9284e01c412a4,53,5,Q28146785
89e72a749d764c1aacd9284e01c412a4,54,5,Q28146785
89e72a749d764c1aacd9284e01c412a4,55,5,Q28146785
89e72a749d764c1aacd9284e01c412a4,56,5,Q28146785
89e72a749d764c1aacd9284e01c412a4,57,5,Q28146785
89e72a749d764c1aacd9284e01c412a4,58,5,Q5405705
89e72a749d764c1aacd9284e01c412a4,59,5,Q5405705
89e72a749d764c1aacd9284e01c412a4,60,5,Q5405705
89e72a749d764c1aacd9284e01c412a4,61,5,Q5100360
89e72a749d764c1aacd9284e01c412a4,62,5,Q5100360
89e72a749d764c1aacd9284e01c412a4,63,5,Q15245560
89e72a749d764c1aacd9284e01c412a4,64,5,Q15245560
89e72a749d764c1aacd9284e01c412a4,65,5,Q15245560
89e72a749d764c1aacd9284e01c412a4,66,5,Q15245560
89e72a749d764c1aacd9284e01c412a4,67,5,Q15245560
89e72a749d764c1aacd9284e01c412a4,68,5,Q15245560
89e72a749d764c1aacd9284e01c412a4,69,5,Q15245560
89e72a749d764c1aacd9284e01c412a4,70,5,Q15245560
89e72a749d764c1aacd9284e01c412a4,71,5,Q1335430
89e72a749d764c1aacd9284e01c412a4,72,5,Q1335430
89e72a749d764c1aacd9284e01c412a4,73,5,Q1335430
89e72a749d764c1aacd9284e01c412a4,74,5,Q1335430
89e72a749d764c1aacd9284e01c412a4,75,5,Q1335430
89e72a749d764c1aacd9284e01c412a4,76,5,Q1335430
89e72a749d764c1aacd9284e01c412a4,77,5,Q1335430
89e72a749d764c1aacd9284e01c412a4,78,5,Q1335430
89e72a749d764c1aacd9284e01c412a4,79,5,Q1335430
89e72a749d764c1aacd9284e01c412a4,80,5,Q1335430
89e72a749d764c1aacd9284e01c412a4,81,5,Q1335430
89e72a749d764c1aacd9284e01c412a4,82,5,Q1335430
89e72a749d764c1aacd9284e01c412a4,83,5,Q1335430
89e72a749d764c1aacd9284e01c412a4,84,5,Q1335430
89e72a749d764c1aacd9284e01c412a4,85,5,Q1335430
89e72a749d764c1aacd9284e01c412a4,86,5,Q1335430
89e72a749d764c1aacd9284e01c412a4,87,5,Q1335430
89e72a749d764c1aacd9284e01c412a4,88,5,Q1335430
89e72a749d764c1aacd9284e01c412a4,89,5,Q1335430
89e72a749d764c1aacd9284e01c412a4,90,5,Q1335430
89e72a749d764c1aacd9284e01c412a4,91,5,Q1335430
89e72a749d764c1aacd9284e01c412a4,92,5,Q3739542
89e72a749d764c1aacd9284e01c412a4,93,5,Q3739542
89e72a749d764c1aacd9284e01c412a4,94,5,Q3739542
89e72a749d764c1aacd9284e01c412a4,95,5,Q3739542
89e72a749d764c1aacd9284e01c412a4,96,5,Q1335430
89e72a749d764c1aacd9284e01c412a4,97,5,Q1335430
89e72a749d764c1aacd9284e01c412a4,98,5,Q1335430
89e72a749d764c1aacd9284e01c412a4,99,5,Q1335430
89e72a749d764c1aacd9284e01c412a4,100,5,Q1335430
89e72a749d764c1aacd9284e01c412a4,101,5,Q1335430
89e72a749d764c1aacd9284e01c412a4,102,5,Q1335430
89e72a749d764c1aacd9284e01c412a4,103,5,Q1335430
89e72a749d764c1aacd9284e01c412a4,104,5,Q1335430
89e72a749d764c1aacd9284e01c412a4,105,5,Q1335430
89e72a749d764c1aacd9284e01c412a4,106,5,Q1335430
89e72a749d764c1aacd9284e01c412a4,107,5,Q1335430
89e72a749d764c1aacd9284e01c412a4,108,5,Q1335430
89e72a749d764c1aacd9284e01c412a4,109,5,Q1335430
89e72a749d764c1aacd9284e01c412a4,110,5,Q1335430
89e72a749d764c1aacd9284e01c412a4,111,5,Q1335430
89e72a749d764c1aacd9284e01c412a4,112,5,Q3739542
89e72a749d764c1aacd9284e01c412a4,113,5,Q3739542
89e72a749d764c1aacd9284e01c412a4,114,5,Q3739542
89e72a749d764c1aacd9284e01c412a4,115,5,Q3739542
89e72a749d764c1aacd9284e01c412a4,116,5,Q3739542
89e72a749d764c1aacd9284e01c412a4,117,5,Q3739542
89e72a749d764c1aacd9284e01c412a4,118,5,Q3739542
89e72a749d764c1aacd9284e01c412a4,119,5,Q3739542
89e72a749d764c1aacd9284e01c412a4,120,5,Q3739542
89e72a749d764c1aacd9284e01c412a4,121,5,Q3739542
89e72a749d764c1aacd9284e01c412a4,122,5,Q3739542
89e72a749d764c1aacd9284e01c412a4,123,5,Q3739542
89e72a749d764c1aacd9284e01c412a4,124,5,Q3739542
89e72a749d764c1aacd9284e01c412a4,125,5,Q3739542
89e72a749d764c1aacd9284e01c412a4,126,5,Q3739542
89e72a749d764c1aacd9284e01c412a4,127,5,Q3739542
89e72a749d764c1aacd9284e01c412a4,128,5,Q3739542
89e72a749d764c1aacd9284e01c412a4,129,5,Q3739542
89e72a749d764c1aacd9284e01c412a4,130,5,Q3739542
89e72a749d764c1aacd9284e01c412a4,131,5,Q3739542
89e72a749d764c1aacd9284e01c412a4,132,5,Q3739542
89e72a749d764c1aacd9284e01c412a4,133,5,Q3739542
89e72a749d764c1aacd9284e01c412a4,134,5,Q3739542
89e72a749d764c1aacd9284e01c412a4,135,5,Q3739542
89e72a749d764c1aacd9284e01c412a4,136,5,Q3739542
89e72a749d764c1aacd9284e01c412a4,137,5,Q3739542
89e72a749d764c1aacd9284e01c412a4,138,5,Q3739542
89e72a749d764c1aacd9284e01c412a4,139,5,Q3739542
89e72a749d764c1aacd9284e01c412a4,140,5,Q3739542
89e72a749d764c1aacd9284e01c412a4,141,5,Q3739542
89e72a749d764c1aacd9284e01c412a4,142,5,Q3739542
89e72a749d764c1aacd9284e01c412a4,143,5,Q3739542
89e72a749d764c1aacd9284e01c412a4,144,5,Q3739542
89e72a749d764c1aacd9284e01c412a4,0,6,Q29539
89e72a749d764c1aacd9284e01c412a4,0,7,['Q179661']
89e72a749d764c1aacd9284e01c412a4,0,15,['Q15332375']
89e72a749d764c1aacd9284e01c412a4,0,16,['Q179029']
